Title,Company-Name,salary_package,Timings,skills,Min_Experience,Max_Experience,Locations
Software Developer,NEXPRO247,N/A,N/A,N/A,0.0,5.0,Coimbatore
Software Developer,DATAPAGE,N/A,N/A,N/A,4.0,8.0,Coimbatore
Software Developer,ELEVADO SOFTWARES,N/A,N/A,N/A,0.0,0.0,Coimbatore
Software Developer,UCFER,N/A,N/A,N/A,0.0,3.0,Coimbatore
Software Developer,SUN SMART SYSTEMS,N/A,N/A,N/A,2.0,5.0,Coimbatore
Software Developer,CYGNUS SOFTWARE,N/A,N/A,N/A,1.0,3.0,Coimbatore
Software Developer,MANPOWER GROUP,N/A,N/A,N/A,5.0,8.0,Coimbatore
Software Developer,HELLA,N/A,N/A,problem solving,4.0,6.0,Coimbatore
Software Developer,VYOOG INFORMATION PRIVATE LIMITED,N/A,N/A,N/A,1.0,2.0,Coimbatore
Software Developer,RFIDU IT SOLUTIONS,N/A,N/A,"SQL, ASP.NET, C#, angular",2.0,4.0,Coimbatore
Software Developer,AALUDRA TECHNOLOGIES,N/A,N/A,PHP,3.0,5.0,Coimbatore
Software Developer,VISOLVE,N/A,N/A,Angular,5.0,9.0,Coimbatore
Software Developer,CADOPT TECHNOLOGIES,N/A,N/A,"Java, HTML, CSS",1.0,2.0,Coimbatore
Software Developer,DATAPAGE,N/A,N/A,N/A,3.0,5.0,Coimbatore
Software Developer,ONLINE CONSULTANCY SERVICES,N/A,N/A,N/A,4.0,8.0,Coimbatore
Software Developer,KNITI,4-8.5 Lacs PA,N/A,Python,1.0,6.0,Coimbatore
Software Developer,HELLA,N/A,N/A,problem solving,4.0,6.0,Coimbatore
Software Developer,SUPREME TECHNOLOGIES,N/A,N/A,Computer,5.0,10.0,Coimbatore
Software Developer,SEYYONE,N/A,N/A,N/A,2.0,5.0,Coimbatore
Software Developer,CBOTS SOLUTIONS,N/A,N/A,Angular,3.0,5.0,Coimbatore
Software Developer,GENOMATICS,N/A,N/A,"Perl, PHP",2.0,7.0,Coimbatore
Software Developer,TEXILA EDUCARE HEALTHCARE AND TECHNOLOGY ENTERPRISES,5-14 Lacs PA,N/A,N/A,3.0,8.0,Coimbatore
Software Developer,CBOTS SOLUTIONS,N/A,N/A,Angular,1.0,3.0,Coimbatore
Software Developer,NEXWARE,N/A,N/A,linux,4.0,9.0,Coimbatore
Software Developer,VISOLVE,N/A,N/A,"HTML, CSS, Javascript",2.0,3.0,Coimbatore
Software Developer,DOMEX TECHNICAL INFORMATION,N/A,N/A,N/A,2.0,5.0,Coimbatore
Software Developer,SUPREME TECHNOLOGIES,N/A,N/A,Computer,4.0,5.0,Coimbatore
Software Developer,RFIDU IT SOLUTIONS,N/A,N/A,N/A,3.0,8.0,Coimbatore
Software Developer,DOMEX TECHNICAL INFORMATION,N/A,N/A,N/A,2.0,7.0,Coimbatore
Software Developer,J-TECH,N/A,N/A,N/A,2.0,4.0,Coimbatore
Software Developer,DOMEX TECHNICAL INFORMATION,N/A,N/A,N/A,2.0,5.0,Coimbatore
Software Developer,DOMEX TECHNICAL INFORMATION,N/A,N/A,N/A,2.0,5.0,Coimbatore
Software Developer,CREOSEN SERVICES,N/A,N/A,N/A,2.0,7.0,Coimbatore
Software Developer,HARNESS DIGITECH,N/A,N/A,N/A,2.0,5.0,Coimbatore
Software Developer,HARNESS DIGITECH,N/A,N/A,Angular,1.0,4.0,Coimbatore
Software Developer,DSJ INFOTECH,2.5-6 Lacs PA,N/A,"C#, .NET",0.0,2.0,Coimbatore
Software Developer,UST,N/A,N/A,communication,3.0,5.0,Coimbatore
Software Developer,INFOTRACK SOLUTIONS,N/A,N/A,N/A,1.0,4.0,Coimbatore
Software Developer,SPROUT WINGS INFOTECH,N/A,N/A,N/A,0.0,2.0,Coimbatore
Software Developer,VEL INFOTECH,N/A,N/A,IoT,0.0,1.0,Coimbatore
Software Developer,ACODEIDEA TECHNOLOGIES,N/A,N/A,N/A,3.0,3.0,Coimbatore
Software Developer,EXPEDIEN INDIA,N/A,N/A,N/A,0.0,3.0,Coimbatore
Software Developer,ZENCORP TECHNO SOLUTIONS(ZCTS),N/A,N/A,N/A,0.0,2.0,Coimbatore
Software Developer,ARDHAS TECHNOLOGIES,N/A,N/A,"AJAX, C#, ASP.NET",0.0,1.0,Coimbatore
Software Developer,WIPRO,N/A,N/A,N/A,1.0,6.0,Coimbatore
Software Developer,BRIGHTSPOT TECHNOLOGY SOLUTIONS,N/A,N/A,Computer,0.0,1.0,Coimbatore
Software Developer,VALUEMOMENTUM,20-25 Lacs PA,N/A,N/A,7.0,9.0,Coimbatore
Software Developer,ELITE TECH PARK,N/A,N/A,N/A,0.0,1.0,Coimbatore
Software Developer,KNILA IT,N/A,N/A,N/A,0.0,1.0,Coimbatore
Software Developer,ITSBY TECHNOLOGIES,1.2-2.4 Lacs PA,N/A,N/A,0.0,3.0,Coimbatore
Software Developer,ANIMS INFOCARE SYSTEMS,N/A,N/A,N/A,2.0,3.0,Coimbatore
Software Developer,C NETWORK,N/A,N/A,N/A,2.0,4.0,Coimbatore
Software Developer,METTLER TOLEDO,N/A,N/A,management,8.0,10.0,Coimbatore
Software Developer,TRAVELFIKA,N/A,N/A,N/A,1.0,3.0,Coimbatore
Software Developer,ANGLER TECHNOLOGIES,N/A,N/A,N/A,2.0,4.0,Coimbatore
Software Developer,DAGSLORE,N/A,N/A,Java,0.0,1.0,Coimbatore
Software Developer,DAGSLORE,N/A,N/A,N/A,0.0,1.0,Coimbatore
Software Developer,DAGSLORE,N/A,N/A,analytical,0.0,1.0,Coimbatore
Software Developer,DAGSLORE,N/A,N/A,N/A,0.0,1.0,Coimbatore
Software Developer,DAGSLORE,N/A,N/A,N/A,0.0,1.0,Coimbatore
Software Developer,ELEVADO SOFTWARES,N/A,N/A,analytical,0.0,0.0,Coimbatore
Software Developer,ACCENTURE,N/A,N/A,N/A,2.0,5.0,Coimbatore
Software Developer,ACCENTURE,N/A,N/A,N/A,2.0,5.0,Coimbatore
Software Developer,ACCENTURE,N/A,N/A,N/A,3.0,5.0,Coimbatore
Software Developer,ACCENTURE,N/A,N/A,SAP,2.0,5.0,Coimbatore
Software Developer,ACCENTURE,N/A,N/A,N/A,3.0,8.0,Coimbatore
Software Developer,GMR INFOTECH,N/A,N/A,"PHP, Laravel",2.0,7.0,Coimbatore
Software Developer,ACCENTURE,N/A,N/A,N/A,3.0,5.0,Coimbatore
Software Developer,ACCENTURE,N/A,N/A,N/A,3.0,5.0,Coimbatore
Software Developer,ACCENTURE,N/A,N/A,N/A,2.0,6.0,Coimbatore
Software Developer,CAPGEMINI,N/A,N/A,N/A,6.0,9.0,Coimbatore
Software Developer,BRAINAK SYSTEM TECHNOLOGIES,N/A,N/A,N/A,0.0,2.0,Coimbatore
Software Developer,BRAINAK SYSTEM TECHNOLOGIES,N/A,N/A,Angular,0.0,2.0,Coimbatore
Software Developer,TEPLAR SOLUTIONS,N/A,N/A,Git,0.0,4.0,Coimbatore
Software Developer,TEPLAR SOLUTIONS,N/A,N/A,"Python, PHP",0.0,4.0,Coimbatore
Software Developer,TEPLAR SOLUTIONS,N/A,N/A,N/A,0.0,5.0,Coimbatore
Software Developer,AGNA BUSINESS APPLICATIONS,N/A,N/A,N/A,3.0,3.0,Coimbatore
Software Developer,AGNA BUSINESS APPLICATIONS,N/A,N/A,N/A,0.0,1.0,Coimbatore
Software Developer,DAGSLORE,N/A,N/A,N/A,0.0,1.0,Coimbatore
Software Developer,WHIZLABS SOFTWARE,N/A,N/A,N/A,0.0,0.0,Coimbatore
Software Developer,DAGSLORE,N/A,N/A,analytical,0.0,1.0,Coimbatore
Software Developer,DAGSLORE,N/A,N/A,N/A,0.0,1.0,Coimbatore
Software Developer,DAGSLORE,N/A,N/A,N/A,0.0,1.0,Coimbatore
Software Developer,DAGSLORE,N/A,N/A,N/A,0.0,1.0,Coimbatore
Software Developer,AUGTRA TECHNOLOGIES,N/A,N/A,N/A,0.0,2.0,Coimbatore
Software Developer,AUGTRA TECHNOLOGIES,N/A,N/A,N/A,0.0,2.0,Coimbatore
Software Developer,AUGTRA TECHNOLOGIES,N/A,N/A,N/A,0.0,2.0,Coimbatore
Software Developer,DSIGNZ MEDIA,N/A,N/A,"MySQL, PHP",0.0,3.0,Coimbatore
Software Developer,LAKEBA,N/A,N/A,"React, Angular",0.0,2.0,Coimbatore
Software Developer,EXPLAINWORK,N/A,N/A,"Computer, computer",0.0,7.0,Coimbatore
Software Developer,DAGSLORE,N/A,N/A,N/A,0.0,1.0,Coimbatore
Software Developer,DAGSLORE,N/A,N/A,N/A,0.0,1.0,Coimbatore
Software Developer,POWERSOFT TECHNO SOLUTIONS,N/A,N/A,N/A,0.0,1.0,Coimbatore
Software Developer,POWERSOFT TECHNO SOLUTIONS,N/A,N/A,N/A,0.0,1.0,Coimbatore
Software Developer,DAGSLORE,N/A,N/A,analytical,0.0,1.0,Coimbatore
Software Developer,DAGSLORE,N/A,N/A,N/A,0.0,1.0,Coimbatore
Software Developer,UNIVERSAL DIGITAL INNOVATORS,N/A,N/A,PHP,0.0,3.0,Coimbatore
Software Developer,PG SOFTWARES,N/A,N/A,N/A,0.0,1.0,Coimbatore
Software Developer,AUSWEG AUTOMATION,N/A,N/A,N/A,0.0,3.0,Coimbatore
Software Developer,OPTIMUS SELLERS,N/A,N/A,N/A,0.0,3.0,Coimbatore
Software Developer,AUGTRA TECHNOLOGIES,N/A,N/A,PHP,0.0,2.0,Coimbatore
Software Developer,AUGTRA TECHNOLOGIES,N/A,N/A,N/A,0.0,2.0,Coimbatore
Software Developer,AUGTRA TECHNOLOGIES,N/A,N/A,N/A,0.0,2.0,Coimbatore
Software Developer,DAGSLORE,N/A,N/A,N/A,0.0,1.0,Coimbatore
Software Developer,DELVING R&D,N/A,N/A,"Computer, C++",0.0,1.0,Coimbatore
Software Developer,PATTRONIZE INFOTECH,N/A,N/A,N/A,4.0,9.0,Coimbatore
Software Developer,FOSS INFOTECH,N/A,N/A,N/A,2.0,7.0,Coimbatore
Software Developer,PATTRONIZE INFOTECH,N/A,N/A,N/A,4.0,9.0,Coimbatore
Software Developer,KOVAI,N/A,N/A,computer,3.0,5.0,Coimbatore
Software Developer,STAYAHEAD,N/A,N/A,Computer,4.0,6.0,Coimbatore
Software Developer,ANGLER TECHNOLOGIES,N/A,N/A,N/A,3.0,5.0,Coimbatore
Software Developer,STAYAHEAD,N/A,N/A,Computer,2.0,6.0,Coimbatore
Software Developer,TRINETRA IWAY,N/A,N/A,N/A,4.0,7.0,Coimbatore
Software Developer,SPEED STEP SOFTWARE SOLUTIONS,N/A,N/A,N/A,3.0,6.0,Coimbatore
Software Developer,MY PLACEMENT MANAGEMENT CONSULTANTS,N/A,Full time,N/A,4.0,6.0,Coimbatore
Software Developer,PACKULT STUDIO PRIVATE LIMITED,N/A,Full time,N/A,12.0,15.0,Coimbatore
Software Developer,FORAR TECH INDIA PRIVATE LIMITED,N/A,Full time,N/A,4.0,14.0,Coimbatore
Software Developer,MY PLACEMENT MANAGEMENT CONSULTANTS,N/A,Full time,N/A,2.0,4.0,Coimbatore
Software Developer,LION AND ELEPHANTS,N/A,Full time,N/A,8.0,10.0,Coimbatore
Software Developer,MY PLACEMENT MANAGEMENT CONSULTANTS,N/A,Full time,N/A,4.0,6.0,Coimbatore
Software Developer,MY PLACEMENT MANAGEMENT CONSULTANTS,N/A,Full time,N/A,4.0,5.0,Coimbatore
Software Developer,MY PLACEMENT MANAGEMENT CONSULTANTS,N/A,Full time,N/A,1.0,6.0,Coimbatore
Software Developer,FLEX,N/A,Full time,N/A,2.0,4.0,Coimbatore
Software Developer,FLEX,N/A,Full time,N/A,1.0,3.0,Coimbatore
Software Developer,FORARTECH INDIA PRIVATE LIMITED,N/A,Full time,N/A,3.0,10.0,Coimbatore
Software Developer,MELTWATER,N/A,Full time,N/A,2.0,4.0,Coimbatore
Software Developer,UPLERS,N/A,Full time,N/A,8.0,10.0,Coimbatore
Software Developer,UPLERS,N/A,Full time,N/A,3.0,5.0,Coimbatore
Software Developer,KOVAI.CO,N/A,Full time,N/A,5.0,7.0,Coimbatore
Software Developer,UPLERS,N/A,Full time,N/A,0.0,7.0,Coimbatore
Software Developer,INGERSOLL RAND COMPRESSOR SYSTEMS & SERVICES,N/A,Full time,N/A,5.0,7.0,Coimbatore
Software Developer,DATACALIPER,N/A,Full time,N/A,7.0,9.0,Coimbatore
Software Developer,UPLERS,N/A,Full time,N/A,0.0,7.0,Coimbatore
Software Developer,EMERALD JEWEL INDUSTRY INDIA LIMITED,"₹66,529",Full-time,"Computer, MS Office",0.0,0.0,Coimbatore
Software Developer,MANJILAS FOOD TECH PVT LTD(DOUBLE HORSE)," ₹25,000 - ₹50,000",Full-Time,N/A,0.0,0.0,Coimbatore
Software Developer,PSG,"₹28,917",Full-time,N/A,0.0,0.0,Coimbatore
Software Developer,VIVIMART,"₹57,441",Full-time ,N/A,0.0,0.0,Coimbatore
Software Developer,PSG," ₹25,000 - ₹30,000",Full-Time,N/A,0.0,0.0,Coimbatore
Software Developer,TALENT LEADS HR SOLUTIONS PVT LTD,N/A,N/A,sales,5.0,10.0,Coimbatore
Software Developer,ULTRAFLY SOLUTIONS PRIVATE LIMITED,N/A,N/A,management,10.0,20.0,Coimbatore
Software Developer,PARK INTELLI SOLUTIONS PRIVATE LIMI...,N/A,N/A,N/A,8.0,12.0,Coimbatore
Software Developer,ULTRAFLY SOLUTIONS PRIVATE LIMITED,N/A,N/A,"agile, mysql",8.0,10.0,Coimbatore
Software Developer,ULTRAFLY SOLUTIONS PRIVATE LIMITED,N/A,N/A,javascript,8.0,13.0,Coimbatore
